Date,Open,High,Low,Close,WAP,No. of Shares,No. of Trades,Total Turnover,Deliverable Quantity,% Deli. Qty to Traded Qty,Spread H-L,Spread C-O
2015-04-01,47.8,47.9,47.8,47.9,47.8090909091,11000.0,26.0,525900.0,11000.0,100.0,0.1,0.1
2015-04-06,47.5,49.0,47.5,48.0,48.030620155,64500.0,65.0,3097975.0,64500.0,100.0,1.5,0.5
2015-04-07,39.35,57.4,39.35,50.05,49.1666666667,30.0,11.0,1475.0,10.0,33.33,18.05,10.7
2015-04-08,48.1,48.6,48.1,48.6,48.3285714286,35000.0,64.0,1691500.0,35000.0,100.0,0.5,0.5
2015-04-09,48.15,48.7,48.15,48.7,48.42,40000.0,58.0,1936800.0,40000.0,100.0,0.55,0.55
2015-04-10,47.5,48.1,47.5,48.1,47.8,45000.0,30.0,2151000.0,45000.0,100.0,0.6,0.6
2015-04-13,44.5,48.0,44.5,48.0,47.9932183106,10027.0,16.0,481228.0,10019.0,99.92,3.5,3.5
2015-04-16,48.0,48.0,47.8,47.8,47.805,4000.0,24.0,191220.0,4000.0,100.0,0.2,-0.2
2015-04-17,47.5,48.35,47.5,48.35,48.0482820976,276500.0,231.0,13285350.0,276500.0,100.0,0.85,0.85
2015-04-20,40.15,44.0,38.7,38.7,39.6601281025,4996.0,106.0,198142.0,2845.0,56.95,5.3,-1.45
2015-04-21,40.0,40.0,38.55,39.4,39.5097957812,50583.0,22.0,1998524.0,50563.0,99.96,1.45,-0.6
2015-04-22,40.0,40.0,34.2,34.65,35.9446447741,36329.0,38.0,1305833.0,35725.0,98.34,5.8,-5.35
2015-04-23,39.95,40.5,35.25,38.45,40.4102268358,5202.0,40.0,210214.0,5101.0,98.06,5.25,-1.5
2015-04-27,35.3,40.0,35.3,40.0,39.8402820991,120525.0,121.0,4801750.0,120525.0,100.0,4.7,4.7
2015-04-28,41.0,41.0,41.0,41.0,41.0,10.0,2.0,410.0,10.0,100.0,0.0,0.0
2015-04-29,41.0,41.0,41.0,41.0,41.0,9500.0,4.0,389500.0,9500.0,100.0,0.0,0.0
2015-05-04,41.0,49.1,40.0,49.1,49.0161574148,87514.0,81.0,4289600.0,86705.0,99.08,9.1,8.1
2015-05-05,45.0,50.15,42.0,50.15,50.0802705049,234968.0,151.0,11767261.0,234384.0,99.75,8.15,5.15
2015-05-06,49.8,49.9,49.8,49.9,49.8540229885,87000.0,30.0,4337300.0,87000.0,100.0,0.1,0.1
2015-05-08,53.95,53.95,49.95,49.95,49.950709858,10002.0,6.0,499607.0,10001.0,99.99,4.0,-4.0
2015-05-11,50.0,50.0,50.0,50.0,50.0,500.0,1.0,25000.0,500.0,100.0,0.0,0.0
2015-05-14,41.25,49.5,41.25,49.5,49.2489357585,31008.0,16.0,1527111.0,31004.0,99.99,8.25,8.25
2015-05-15,50.0,50.0,49.95,50.0,49.988961039,38500.0,21.0,1924575.0,38500.0,100.0,0.05,0.0
2015-05-19,47.5,49.5,42.4,49.45,49.4872508574,20119.0,20.0,995634.0,20109.0,99.95,7.1,1.95
2015-05-20,49.0,49.0,49.0,49.0,49.0,18500.0,3.0,906500.0,18500.0,100.0,0.0,0.0
2015-05-25,41.5,41.5,41.5,41.5,41.5,30.0,3.0,1245.0,30.0,100.0,0.0,0.0
2015-05-28,47.0,48.05,47.0,48.05,47.9013513514,74000.0,23.0,3544700.0,74000.0,100.0,1.05,1.05
2015-05-29,39.5,53.95,39.5,49.9,49.8779603158,14061.0,10.0,701334.0,14030.0,99.78,14.45,10.4
2015-06-01,49.9,49.9,49.9,49.9,49.9,31000.0,10.0,1546900.0,31000.0,100.0,0.0,0.0
2015-06-02,50.0,50.0,50.0,50.0,50.0,25250.0,6.0,1262500.0,25250.0,100.0,0.0,0.0
2015-06-08,50.0,50.0,50.0,50.0,50.0,40000.0,1.0,2000000.0,40000.0,100.0,0.0,0.0
2015-06-11,49.5,49.5,47.0,49.5,48.5,50000.0,7.0,2425000.0,50000.0,100.0,2.5,0.0
2015-06-16,49.6,49.6,48.0,48.0,48.8563380282,35500.0,12.0,1734400.0,35500.0,100.0,1.6,-1.6
2015-06-17,48.0,48.0,48.0,48.0,48.0,3250.0,4.0,156000.0,3250.0,100.0,0.0,0.0
2015-06-18,55.0,55.0,55.0,55.0,55.0,1.0,1.0,55.0,1.0,100.0,0.0,0.0
2015-06-19,45.0,45.0,45.0,45.0,45.0,1.0,1.0,45.0,1.0,100.0,0.0,0.0
2015-06-23,50.0,50.0,50.0,50.0,50.0,20000.0,18.0,1000000.0,20000.0,100.0,0.0,0.0
2015-06-24,49.0,50.0,49.0,50.0,49.5,28500.0,36.0,1410750.0,28500.0,100.0,1.0,1.0
2015-06-29,50.0,50.0,50.0,50.0,50.0,12000.0,1.0,600000.0,12000.0,100.0,0.0,0.0
2015-07-07,50.0,50.0,50.0,50.0,50.0,12000.0,1.0,600000.0,12000.0,100.0,0.0,0.0
2015-07-13,49.5,49.5,49.5,49.5,49.5,41500.0,35.0,2054250.0,41500.0,100.0,0.0,0.0
2015-07-15,49.5,49.5,49.5,49.5,49.5,20500.0,12.0,1014750.0,20500.0,100.0,0.0,0.0
2015-07-17,40.0,48.9,40.0,48.9,48.8045454545,30800.0,8.0,1503180.0,30200.0,98.05,8.9,8.9
2015-07-20,49.0,49.0,49.0,49.0,49.0,12000.0,1.0,588000.0,12000.0,100.0,0.0,0.0
2015-07-22,41.2,41.2,41.2,41.2,41.2,10000.0,1.0,412000.0,10000.0,100.0,0.0,0.0
2015-07-29,42.0,42.0,42.0,42.0,42.0,1.0,1.0,42.0,1.0,100.0,0.0,0.0
2015-07-30,48.9,48.9,48.9,48.9,48.9,12000.0,2.0,586800.0,12000.0,100.0,0.0,0.0
2015-07-31,48.9,48.9,48.9,48.9,48.9,18800.0,1.0,919320.0,18800.0,100.0,0.0,0.0
2015-08-06,42.0,58.0,42.0,54.0,49.63,800.0,4.0,39700.0,,0.0,16.0,12.0
2015-08-11,54.0,54.0,54.0,54.0,54.0,1.0,1.0,54.0,1.0,100.0,0.0,0.0
2015-08-14,53.0,53.0,53.0,53.0,53.0,42000.0,10.0,2226000.0,42000.0,100.0,0.0,0.0
2015-08-17,51.4,52.25,51.4,52.25,51.87,59000.0,59.0,3060600.0,55000.0,93.22,0.85,0.85
2015-08-19,51.6,51.7,51.5,51.7,51.62,50000.0,52.0,2581000.0,50000.0,100.0,0.2,0.1
2015-08-20,50.95,50.95,50.5,50.7,50.65,35000.0,11.0,1772750.0,35000.0,100.0,0.45,-0.25
2015-08-21,50.05,50.05,50.05,50.05,50.05,4500.0,9.0,225225.0,4500.0,100.0,0.0,0.0
2015-08-25,49.95,49.95,49.95,49.95,49.95,3000.0,7.0,149850.0,3000.0,100.0,0.0,0.0
2015-09-22,47.5,47.5,47.5,47.5,47.0,1.0,1.0,47.0,1.0,100.0,0.0,0.0
2015-09-24,49.5,49.5,45.5,45.5,47.5,2000.0,2.0,95000.0,,0.0,4.0,-4.0
2015-09-28,44.0,44.0,44.0,44.0,44.0,10500.0,1.0,462000.0,10500.0,100.0,0.0,0.0
2015-09-30,41.8,41.8,41.8,41.8,41.8,501.0,2.0,20941.0,501.0,100.0,0.0,0.0
2015-10-01,39.75,39.75,39.75,39.75,39.75,12500.0,7.0,496875.0,12500.0,100.0,0.0,0.0
2015-10-05,37.8,37.8,37.8,37.8,37.0,1.0,1.0,37.0,1.0,100.0,0.0,0.0
2015-10-06,35.95,35.95,35.95,35.95,35.94,50.0,1.0,1797.0,50.0,100.0,0.0,0.0
2015-10-08,34.2,34.2,34.2,34.2,34.2,2769.0,8.0,94699.0,2769.0,100.0,0.0,0.0
2015-10-09,32.5,35.8,32.5,34.9,33.56,1296.0,12.0,43499.0,1295.0,99.92,3.3,2.4
2015-10-12,36.0,36.1,36.0,36.0,36.02,650.0,5.0,23410.0,650.0,100.0,0.1,0.0
2015-10-13,36.0,36.0,34.2,35.1,35.5,29000.0,13.0,1029390.0,28800.0,99.31,1.8,-0.9
2015-10-16,36.8,36.8,36.8,36.8,36.8,200.0,2.0,7360.0,200.0,100.0,0.0,0.0
2015-10-19,36.0,38.55,35.35,36.0,35.71,1141.0,6.0,40745.0,1141.0,100.0,3.2,0.0
2015-10-27,34.55,37.7,34.55,37.7,34.66,281.0,3.0,9740.0,281.0,100.0,3.15,3.15
2015-11-02,39.5,39.5,39.5,39.5,39.5,100.0,1.0,3950.0,100.0,100.0,0.0,0.0
2015-11-03,41.4,41.4,41.4,41.4,41.36,11.0,2.0,455.0,11.0,100.0,0.0,0.0
2015-11-04,43.0,43.0,43.0,43.0,43.0,328.0,2.0,14104.0,328.0,100.0,0.0,0.0
2015-11-05,40.85,44.0,40.85,40.9,40.88,40075.0,9.0,1638250.0,75.0,0.19,3.15,0.05
2015-11-24,42.5,42.5,42.5,42.5,42.5,3200.0,1.0,136000.0,3200.0,100.0,0.0,0.0
2015-11-26,42.5,42.5,42.5,42.5,42.5,3200.0,9.0,136000.0,3200.0,100.0,0.0,0.0
2015-11-27,42.5,42.8,42.5,42.65,42.65,3200.0,10.0,136485.0,3200.0,100.0,0.3,0.15
2015-11-30,43.0,43.0,43.0,43.0,43.0,3200.0,10.0,137600.0,3200.0,100.0,0.0,0.0
2015-12-01,44.9,44.9,44.9,44.9,44.9,10000.0,1.0,449000.0,10000.0,100.0,0.0,0.0
2015-12-03,46.5,46.5,46.3,46.3,46.31,10300.0,17.0,476950.0,10300.0,100.0,0.2,-0.2
2015-12-04,46.2,46.2,46.0,46.0,46.11,107500.0,33.0,4956600.0,89500.0,83.26,0.2,-0.2
2015-12-08,46.0,46.0,46.0,46.0,46.0,34500.0,72.0,1587000.0,34500.0,100.0,0.0,0.0
2015-12-11,43.7,43.7,43.7,43.7,43.7,100.0,1.0,4370.0,100.0,100.0,0.0,0.0
2015-12-16,41.55,41.55,41.55,41.55,41.4,5.0,1.0,207.0,5.0,100.0,0.0,0.0
2015-12-21,41.45,41.45,41.45,41.45,41.45,25000.0,2.0,1036250.0,25000.0,100.0,0.0,0.0
2016-01-15,40.65,40.65,40.65,40.65,40.65,25000.0,29.0,1016250.0,25000.0,100.0,0.0,0.0
2016-01-18,40.65,40.65,40.65,40.65,40.65,49311.0,9.0,2004492.0,49311.0,100.0,0.0,0.0
2016-01-19,39.85,39.85,39.85,39.85,39.85,39689.0,12.0,1581606.0,39689.0,100.0,0.0,0.0
2016-01-20,40.0,40.0,40.0,40.0,40.0,1255.0,2.0,50200.0,1255.0,100.0,0.0,0.0
2016-02-03,40.5,40.5,40.4,40.4,40.45,20000.0,6.0,809000.0,20000.0,100.0,0.1,-0.1
2016-02-19,41.0,41.0,41.0,41.0,41.0,200.0,3.0,8200.0,200.0,100.0,0.0,0.0
2016-03-02,41.2,41.8,41.2,41.8,41.68,100.0,6.0,4168.0,100.0,100.0,0.6,0.6
2016-03-04,42.0,42.5,42.0,42.5,42.22,18.0,6.0,760.0,18.0,100.0,0.5,0.5
2016-03-08,42.5,42.5,42.25,42.25,42.33,18.0,6.0,762.0,18.0,100.0,0.25,-0.25
2016-03-14,42.15,42.15,41.5,41.5,41.71,31.0,5.0,1293.0,31.0,100.0,0.65,-0.65
2016-03-17,40.7,40.7,40.7,40.7,40.7,56010.0,13.0,2279607.0,56010.0,100.0,0.0,0.0
2016-03-18,41.3,41.4,41.3,41.35,41.34,60000.0,33.0,2480250.0,60000.0,100.0,0.1,0.05
2016-03-21,42.1,42.1,42.1,42.1,42.1,9500.0,7.0,399950.0,9500.0,100.0,0.0,0.0
2016-04-04,42.7,42.7,42.7,42.7,42.7,40000.0,13.0,1708000.0,40000.0,100.0,0.0,0.0
2016-04-18,42.0,42.0,42.0,42.0,42.0,12500.0,46.0,525000.0,12500.0,100.0,0.0,0.0
2016-04-20,42.5,42.5,42.5,42.5,42.5,12000.0,9.0,510000.0,12000.0,100.0,0.0,0.0
2016-04-21,43.0,43.0,43.0,43.0,43.0,17100.0,15.0,735300.0,17100.0,100.0,0.0,0.0
2016-04-28,42.15,43.6,42.15,43.6,43.55,109500.0,17.0,4768895.0,109500.0,100.0,1.45,1.45
2016-05-02,43.55,44.0,43.55,44.0,43.72,57400.0,23.0,2509295.0,57400.0,100.0,0.45,0.45
2016-05-03,44.0,44.6,43.65,44.1,44.22,11275.0,57.0,498549.0,6235.0,55.3,0.95,0.1
2016-05-04,44.95,44.95,44.1,44.75,44.78,13841.0,30.0,619759.0,9199.0,66.46,0.85,-0.2
2016-05-05,45.3,45.45,45.3,45.3,45.34,16600.0,54.0,752715.0,1600.0,9.64,0.15,0.0
2016-05-06,45.55,45.75,45.55,45.75,45.67,15100.0,52.0,689560.0,100.0,0.66,0.2,0.2
2016-05-09,46.0,46.25,45.75,45.75,46.07,27625.0,87.0,1272593.0,10525.0,38.1,0.5,-0.25
2016-05-10,47.0,47.1,46.4,46.5,46.64,36400.0,69.0,1697600.0,10400.0,28.57,0.7,-0.5
2016-05-11,46.7,46.75,46.6,46.65,46.69,29222.0,59.0,1364243.0,2350.0,8.04,0.15,-0.05
2016-05-12,48.0,48.05,46.65,46.9,47.12,43156.0,40.0,2033456.0,80.0,0.19,1.4,-1.1
2016-05-13,47.2,49.0,46.85,46.85,47.17,34856.0,104.0,1644198.0,10200.0,29.26,2.15,-0.35
2016-05-16,47.2,47.25,46.65,46.9,47.03,22632.0,53.0,1064380.0,500.0,2.21,0.6,-0.3
2016-05-17,47.1,47.55,47.05,47.5,47.48,29986.0,345.0,1423815.0,9650.0,32.18,0.5,0.4
2016-05-18,49.0,49.1,47.75,47.85,48.63,30238.0,44.0,1470427.0,100.0,0.33,1.35,-1.15
2016-05-19,47.95,48.2,47.95,48.1,48.06,33060.0,47.0,1588736.0,13000.0,39.32,0.25,0.15
2016-05-20,48.5,48.5,48.25,48.3,48.32,15300.0,9.0,739332.0,5000.0,32.68,0.25,-0.2
2016-05-23,48.9,48.95,48.7,48.75,48.83,20034.0,24.0,978163.0,,0.0,0.25,-0.15
2016-05-24,48.65,48.7,48.5,48.5,48.56,28320.0,44.0,1375294.0,18110.0,63.95,0.2,-0.15
2016-05-25,49.1,49.2,48.5,48.6,48.82,30025.0,43.0,1465918.0,8000.0,26.64,0.7,-0.5
2016-05-26,48.65,49.2,48.6,48.8,48.9,28062.0,41.0,1372170.0,8000.0,28.51,0.6,0.15
2016-05-27,49.0,49.25,48.7,49.05,49.02,29861.0,47.0,1463888.0,3810.0,12.76,0.55,0.05
2016-05-30,49.6,49.7,49.05,49.55,49.34,20132.0,111.0,993327.0,2011.0,9.99,0.65,-0.05
2016-05-31,50.0,51.15,49.5,49.6,50.17,21661.0,153.0,1086753.0,640.0,2.95,1.65,-0.4
2016-06-01,51.0,51.0,49.9,50.05,50.67,17318.0,190.0,877482.0,105.0,0.61,1.1,-0.95
2016-06-02,49.7,49.9,49.5,49.8,49.71,20073.0,174.0,997896.0,6.0,0.03,0.4,0.1
2016-06-03,50.0,50.2,49.8,49.9,50.02,22552.0,296.0,1127978.0,2502.0,11.09,0.4,-0.1
2016-06-06,48.7,49.6,48.1,49.0,48.88,38715.0,203.0,1892574.0,19550.0,50.5,1.5,0.3
2016-06-07,49.1,49.25,49.1,49.25,49.17,13098.0,12.0,644049.0,,0.0,0.15,0.15
2016-06-08,51.0,51.05,49.45,49.5,49.92,36056.0,42.0,1799919.0,18500.0,51.31,1.6,-1.5
2016-06-09,49.55,49.55,49.15,49.15,49.49,11056.0,17.0,547173.0,1000.0,9.04,0.4,-0.4
2016-06-10,48.0,49.4,48.0,49.15,48.85,59500.0,50.0,2906425.0,39500.0,66.39,1.4,1.15
2016-06-13,49.1,50.0,49.1,49.2,49.51,50000.0,10.0,2475400.0,20000.0,40.0,0.9,0.1
2016-06-14,49.25,49.5,48.85,49.15,49.06,78380.0,182.0,3845619.0,39300.0,50.14,0.65,-0.1
2016-06-15,49.1,49.1,48.5,49.1,49.05,45095.0,18.0,2211979.0,20085.0,44.54,0.6,0.0
2016-06-16,50.0,50.0,48.35,48.4,48.62,80015.0,91.0,3890558.0,45015.0,56.26,1.65,-1.6
2016-06-17,48.6,49.45,43.6,47.55,48.25,14733.0,29.0,710916.0,4625.0,31.39,5.85,-1.05
2016-06-20,48.0,48.05,42.8,42.8,46.11,16046.0,43.0,739926.0,4945.0,30.82,5.25,-5.2
2016-06-21,42.8,42.85,42.8,42.85,42.83,10000.0,10.0,428250.0,,0.0,0.05,0.05
2016-06-22,41.0,41.0,38.6,38.6,40.55,2200.0,7.0,89220.0,200.0,9.09,2.4,-2.4
2016-06-24,38.05,38.05,38.05,38.05,38.05,100.0,1.0,3805.0,100.0,100.0,0.0,0.0
2016-06-30,36.15,36.15,36.15,36.15,36.09,11.0,3.0,397.0,11.0,100.0,0.0,0.0
2016-07-01,34.35,34.35,34.35,34.35,34.0,2.0,1.0,68.0,2.0,100.0,0.0,0.0
2016-07-05,32.65,32.65,32.65,32.65,32.6,10.0,1.0,326.0,10.0,100.0,0.0,0.0
2016-07-15,31.05,31.05,31.05,31.05,31.04,70.0,1.0,2173.0,70.0,100.0,0.0,0.0
2016-07-25,29.5,29.5,29.5,29.5,29.5,10.0,2.0,295.0,5.0,50.0,0.0,0.0
2016-08-08,26.55,32.4,26.55,32.0,28.77,553.0,11.0,15910.0,553.0,100.0,5.85,5.45
2016-08-09,28.8,35.0,28.8,34.85,34.04,37068.0,55.0,1261693.0,2441.0,6.59,6.2,6.05
2016-08-10,37.0,38.3,32.0,36.0,36.63,41331.0,44.0,1513748.0,13224.0,32.0,6.3,-1.0
2016-08-11,37.0,38.0,36.25,37.75,37.03,24114.0,25.0,893052.0,3114.0,12.91,1.75,0.75
2016-08-12,37.0,37.4,37.0,37.25,37.25,58114.0,40.0,2164460.0,12000.0,20.65,0.4,0.25
2016-08-16,37.8,38.25,37.5,38.25,37.83,33353.0,96.0,1261682.0,9775.0,29.31,0.75,0.45
2016-08-17,38.4,38.5,38.25,38.5,38.36,29638.0,52.0,1136865.0,8898.0,30.02,0.25,0.1
2016-08-18,38.4,38.6,38.3,38.45,38.49,17345.0,42.0,667562.0,6344.0,36.58,0.3,0.05
2016-08-19,38.0,38.6,38.0,38.5,38.49,22221.0,21.0,855191.0,2221.0,10.0,0.6,0.5
2016-08-22,38.8,39.0,38.6,38.9,38.81,13815.0,46.0,536140.0,13795.0,99.86,0.4,0.1
2016-08-23,38.9,39.5,38.7,38.9,38.96,22812.0,49.0,888803.0,12080.0,52.95,0.8,0.0
2016-08-24,38.7,40.8,38.6,39.1,38.96,26067.0,48.0,1015595.0,13063.0,50.11,2.2,0.4
2016-08-25,39.6,39.65,39.0,39.15,39.37,12489.0,23.0,491674.0,4488.0,35.94,0.65,-0.45
2016-08-26,39.9,39.9,38.85,39.05,39.17,24768.0,42.0,970154.0,9163.0,37.0,1.05,-0.85
2016-08-29,41.0,41.0,39.0,39.75,39.62,245776.0,904.0,9738698.0,208434.0,84.81,2.0,-1.25
2016-08-30,40.4,40.65,40.1,40.45,40.52,318482.0,1098.0,12906448.0,280970.0,88.22,0.55,0.05
2016-08-31,40.85,42.0,38.45,38.45,40.47,274367.0,1126.0,11104092.0,212752.0,77.54,3.55,-2.4
2016-09-01,40.0,40.0,36.55,36.55,37.42,29238.0,120.0,1094014.0,28238.0,96.58,3.45,-3.45
2016-09-02,32.9,32.9,32.9,32.9,32.9,7140.0,56.0,234906.0,7140.0,100.0,0.0,0.0
2016-09-06,29.65,29.65,29.65,29.65,29.65,7416.0,42.0,219884.0,7416.0,100.0,0.0,0.0
2016-09-07,26.7,26.7,26.7,26.7,26.7,3944.0,40.0,105304.0,3944.0,100.0,0.0,0.0
2016-09-08,26.7,26.7,26.7,26.7,26.7,4190.0,29.0,111873.0,4190.0,100.0,0.0,0.0
2016-09-09,26.7,26.7,26.7,26.7,26.7,3225.0,14.0,86107.0,3225.0,100.0,0.0,0.0
2016-09-12,26.7,26.7,26.7,26.7,26.7,1937.0,13.0,51717.0,1937.0,100.0,0.0,0.0
2016-09-14,26.7,26.7,26.7,26.7,26.5,2.0,2.0,53.0,1.0,50.0,0.0,0.0
2016-09-15,26.7,26.7,26.7,26.7,26.67,12.0,2.0,320.0,12.0,100.0,0.0,0.0
2016-09-16,26.7,26.7,26.7,26.7,26.67,21.0,3.0,560.0,21.0,100.0,0.0,0.0
2016-09-19,26.7,26.7,26.7,26.7,26.7,50.0,3.0,1335.0,50.0,100.0,0.0,0.0
2016-09-20,26.7,26.7,26.7,26.7,26.7,66.0,3.0,1762.0,66.0,100.0,0.0,0.0
2016-09-21,26.7,26.7,26.7,26.7,26.7,591.0,7.0,15779.0,591.0,100.0,0.0,0.0
2016-09-22,26.7,26.7,26.7,26.7,26.7,454.0,3.0,12121.0,454.0,100.0,0.0,0.0
2016-09-27,26.7,26.7,26.7,26.7,26.0,1.0,1.0,26.0,1.0,100.0,0.0,0.0
2016-09-28,26.7,26.7,26.7,26.7,26.57,7.0,3.0,186.0,7.0,100.0,0.0,0.0
2016-09-29,26.7,26.7,26.7,26.7,26.7,100.0,2.0,2670.0,100.0,100.0,0.0,0.0
2016-09-30,26.7,26.7,26.7,26.7,26.7,201.0,2.0,5366.0,201.0,100.0,0.0,0.0
2016-10-03,25.4,26.7,25.4,25.95,25.83,108695.0,363.0,2808046.0,94318.0,86.77,1.3,0.55
2016-10-04,24.7,25.85,24.7,24.7,25.04,30414.0,137.0,761428.0,30414.0,100.0,1.15,0.0
2016-10-05,23.7,23.7,23.5,23.5,23.53,1465.0,14.0,34477.0,1465.0,100.0,0.2,-0.2
2016-10-06,22.35,22.35,22.35,22.35,22.35,1376.0,13.0,30753.0,1376.0,100.0,0.0,0.0
2016-10-07,20.15,20.15,20.15,20.15,20.15,2321.0,26.0,46768.0,2321.0,100.0,0.0,0.0
2016-10-10,18.15,18.15,18.15,18.15,18.15,4768.0,18.0,86539.0,4768.0,100.0,0.0,0.0
2016-10-13,16.35,18.0,16.35,17.95,17.05,50496.0,93.0,861195.0,25375.0,50.25,1.65,1.6
2016-10-14,16.2,19.7,16.2,19.55,18.56,64099.0,206.0,1189988.0,60009.0,93.62,3.5,3.35
2016-10-17,19.75,20.7,19.5,19.5,19.87,14670.0,77.0,291525.0,12364.0,84.28,1.2,-0.25
2016-10-18,18.1,20.4,17.55,18.2,18.08,15351.0,137.0,277486.0,12673.0,82.55,2.85,0.1
2016-10-19,16.4,20.0,16.4,20.0,19.75,15704.0,46.0,310148.0,15363.0,97.83,3.6,3.6
2016-10-20,22.0,22.0,22.0,22.0,22.0,8908.0,32.0,195976.0,8908.0,100.0,0.0,0.0
2016-10-21,24.2,24.2,22.0,22.8,23.29,72916.0,202.0,1698287.0,55551.0,76.18,2.2,-1.4
2016-10-24,23.5,23.8,22.75,23.05,23.22,137359.0,331.0,3189038.0,104305.0,75.94,1.05,-0.45
2016-10-25,23.7,23.7,22.0,23.0,23.09,49585.0,161.0,1144907.0,46598.0,93.98,1.7,-0.7
2016-10-26,22.0,22.7,21.85,21.85,22.0,15245.0,91.0,335428.0,13920.0,91.31,0.85,-0.15
2016-10-27,20.95,20.95,20.8,20.8,20.88,3558.0,29.0,74306.0,3558.0,100.0,0.15,-0.15
2016-10-28,20.8,20.8,19.8,19.8,19.89,6441.0,33.0,128084.0,5943.0,92.27,1.0,-1.0
2016-10-30,18.85,19.8,18.85,18.85,18.85,1703.0,7.0,32105.0,1702.0,99.94,0.95,0.0
2016-11-01,18.0,18.1,17.95,17.95,17.99,4978.0,36.0,89544.0,4978.0,100.0,0.15,-0.05
2016-11-02,17.2,17.8,17.1,17.8,17.24,11078.0,54.0,190945.0,10478.0,94.58,0.7,0.6
2016-11-03,17.5,17.5,17.05,17.15,17.19,4348.0,46.0,74736.0,4348.0,100.0,0.45,-0.35
2016-11-04,17.0,18.0,16.3,17.1,17.03,2726.0,35.0,46415.0,2519.0,92.41,1.7,0.1
2016-11-07,17.3,17.85,17.0,17.35,17.52,183349.0,382.0,3211731.0,106269.0,57.96,0.85,0.05
2016-11-08,17.75,17.75,17.1,17.6,17.51,42460.0,92.0,743581.0,26061.0,61.38,0.65,-0.15
2016-11-09,17.0,17.0,16.75,16.75,16.77,7590.0,45.0,127285.0,7590.0,100.0,0.25,-0.25
2016-11-10,17.0,17.0,15.95,16.2,16.26,6881.0,70.0,111915.0,6784.0,98.59,1.05,-0.8
2016-11-11,15.95,16.2,15.4,15.55,15.49,5603.0,54.0,86807.0,5403.0,96.43,0.8,-0.4
2016-11-15,14.8,16.3,14.8,15.65,15.36,5203.0,43.0,79915.0,4810.0,92.45,1.5,0.85
2016-11-16,15.65,16.4,15.0,16.05,15.82,6862.0,37.0,108538.0,6336.0,92.33,1.4,0.4
2016-11-17,16.4,16.4,15.35,15.75,15.68,2605.0,32.0,40835.0,2585.0,99.23,1.05,-0.65
2016-11-18,15.2,16.35,15.0,15.5,15.31,533.0,27.0,8161.0,433.0,81.24,1.35,0.3
2016-11-21,15.0,16.0,14.75,14.75,15.04,3233.0,27.0,48615.0,2945.0,91.09,1.25,-0.25
2016-11-22,14.35,14.35,14.05,14.05,14.06,733.0,19.0,10303.0,733.0,100.0,0.3,-0.3
2016-11-23,13.7,14.75,13.35,13.95,13.51,993.0,36.0,13413.0,991.0,99.8,1.4,0.25
2016-11-24,13.55,13.55,13.3,13.3,13.3,6757.0,25.0,89873.0,6757.0,100.0,0.25,-0.25
2016-11-25,13.3,13.95,13.2,13.7,13.59,4436.0,16.0,60283.0,4341.0,97.86,0.75,0.4
2016-11-28,14.0,14.35,14.0,14.35,14.31,4761.0,23.0,68145.0,4761.0,100.0,0.35,0.35
2016-11-29,14.3,15.05,13.65,14.55,14.4,3947.0,33.0,56856.0,3229.0,81.81,1.4,0.25
2016-11-30,15.25,15.25,14.2,14.7,14.86,9799.0,52.0,145660.0,7368.0,75.19,1.05,-0.55
2016-12-01,14.75,14.75,14.35,14.35,14.56,1275.0,14.0,18564.0,1275.0,100.0,0.4,-0.4
2016-12-02,14.3,14.8,13.55,14.05,13.9,942.0,20.0,13095.0,892.0,94.69,1.25,-0.25
2016-12-05,14.0,14.0,13.2,13.5,13.71,23755.0,33.0,325622.0,15121.0,63.65,0.8,-0.5
2016-12-06,14.8,14.8,13.4,14.07,13.75,35212.0,47.0,484267.0,30219.0,85.82,1.4,-0.73
2016-12-07,15.24,15.24,14.0,14.1,14.5,9897.0,28.0,143521.0,7728.0,78.08,1.24,-1.14
2016-12-08,14.45,14.5,13.8,14.02,14.18,11344.0,30.0,160823.0,8142.0,71.77,0.7,-0.43
2016-12-09,15.0,15.0,13.8,14.0,14.4,9880.0,31.0,142263.0,7615.0,77.07,1.2,-1.0
2016-12-12,14.0,14.9,13.4,13.55,14.21,4894.0,21.0,69559.0,4057.0,82.9,1.5,-0.45
2016-12-13,13.8,13.85,13.15,13.78,13.68,5075.0,32.0,69401.0,4422.0,87.13,0.7,-0.02
2016-12-14,13.95,14.0,13.0,13.8,13.78,19171.0,50.0,264146.0,19071.0,99.48,1.0,-0.15
2016-12-15,14.9,14.9,12.42,13.62,12.76,20591.0,63.0,262769.0,19456.0,94.49,2.48,-1.28
2016-12-16,14.6,14.6,12.26,12.8,13.67,11586.0,46.0,158387.0,8776.0,75.75,2.34,-1.8
2016-12-19,13.5,13.5,12.81,12.93,13.18,2659.0,19.0,35044.0,2659.0,100.0,0.69,-0.57
2016-12-20,12.8,14.2,11.8,13.0,12.83,7525.0,36.0,96560.0,7325.0,97.34,2.4,0.2
2016-12-21,13.0,13.3,12.0,13.13,12.84,2682.0,48.0,34450.0,2401.0,89.52,1.3,0.13
2016-12-22,13.0,13.35,11.82,12.45,12.53,3630.0,41.0,45500.0,3156.0,86.94,1.53,-0.55
2016-12-23,12.2,12.8,11.21,11.99,11.8,13548.0,105.0,159805.0,10280.0,75.88,1.59,-0.21
2016-12-26,13.0,13.0,10.9,11.56,11.57,3573.0,46.0,41336.0,2445.0,68.43,2.1,-1.44
2016-12-27,12.5,12.5,11.0,11.19,11.42,4686.0,31.0,53491.0,4273.0,91.19,1.5,-1.31
2016-12-28,11.06,11.06,10.4,10.6,10.9,2199.0,20.0,23961.0,2199.0,100.0,0.66,-0.46
2016-12-29,9.55,10.5,9.55,10.35,9.85,3273.0,23.0,32245.0,3070.0,93.8,0.95,0.8
2016-12-30,9.46,10.99,9.46,10.41,10.16,4223.0,29.0,42914.0,3231.0,76.51,1.53,0.95
2017-01-02,10.9,11.41,10.7,10.99,11.07,5381.0,12.0,59574.0,5281.0,98.14,0.71,0.09
2017-01-03,11.29,11.3,10.31,10.31,11.18,6061.0,16.0,67740.0,5421.0,89.44,0.99,-0.98
2017-01-04,10.31,10.31,9.5,9.6,9.65,2194.0,12.0,21179.0,1847.0,84.18,0.81,-0.71
2017-01-05,9.61,10.0,9.58,9.6,9.79,13213.0,42.0,129343.0,11562.0,87.5,0.42,-0.01
2017-01-06,9.59,10.08,9.45,10.08,9.95,4652.0,31.0,46284.0,4432.0,95.27,0.63,0.49
2017-01-09,10.55,10.55,9.85,9.88,10.06,2088.0,14.0,20995.0,1952.0,93.49,0.7,-0.67
2017-01-10,9.42,10.37,9.42,10.08,10.07,48146.0,56.0,484936.0,45606.0,94.72,0.95,0.66
2017-01-11,10.03,10.45,9.7,10.03,10.11,25873.0,38.0,261448.0,25772.0,99.61,0.75,0.0
2017-01-12,9.9,9.9,9.75,9.85,9.88,73726.0,50.0,728404.0,65287.0,88.55,0.15,-0.05
2017-01-13,9.9,9.9,9.36,9.59,9.58,22533.0,88.0,215782.0,20226.0,89.76,0.54,-0.31
2017-01-16,9.13,9.39,9.12,9.12,9.23,30165.0,62.0,278344.0,29249.0,96.96,0.27,-0.01
2017-01-17,9.15,9.56,8.67,8.67,8.71,23622.0,51.0,205785.0,23602.0,99.92,0.89,-0.48
2017-01-18,8.24,8.24,8.24,8.24,8.24,8440.0,18.0,69545.0,8440.0,100.0,0.0,0.0
2017-01-19,8.24,8.5,7.83,7.83,7.93,25045.0,55.0,198699.0,25045.0,100.0,0.67,-0.41
2017-01-20,7.68,7.68,7.68,7.68,7.68,5949.0,40.0,45688.0,5749.0,96.64,0.0,0.0
2017-01-23,7.3,7.89,7.3,7.8,7.59,14657.0,44.0,111307.0,12491.0,85.22,0.59,0.5
2017-01-24,7.6,7.7,7.5,7.5,7.6,11137.0,24.0,84624.0,11136.0,99.99,0.2,-0.1
2017-01-25,7.7,7.87,7.14,7.86,7.86,55357.0,28.0,435300.0,55255.0,99.82,0.73,0.16
2017-01-27,7.86,7.87,7.7,7.7,7.78,9558.0,20.0,74372.0,9558.0,100.0,0.17,-0.16
2017-01-30,7.6,7.6,7.32,7.6,7.47,2043.0,10.0,15264.0,2043.0,100.0,0.28,0.0
2017-01-31,7.95,7.95,7.6,7.6,7.8,14217.0,22.0,110826.0,14217.0,100.0,0.35,-0.35
2017-02-01,7.6,7.98,7.6,7.98,7.91,212988.0,325.0,1684162.0,199381.0,93.61,0.38,0.38
2017-02-02,8.35,8.37,8.07,8.22,8.21,302257.0,303.0,2481830.0,283327.0,93.74,0.3,-0.13
2017-02-03,8.55,8.6,7.85,8.27,8.25,93273.0,161.0,769469.0,72542.0,77.77,0.75,-0.28
2017-02-06,8.35,8.4,8.23,8.36,8.33,90092.0,132.0,750692.0,67858.0,75.32,0.17,0.01
2017-02-07,8.35,8.35,7.95,7.95,8.11,72954.0,159.0,591871.0,62918.0,86.24,0.4,-0.4
2017-02-08,7.8,7.85,7.57,7.58,7.76,44544.0,65.0,345442.0,41673.0,93.55,0.28,-0.22
2017-02-09,7.6,7.74,7.26,7.49,7.44,11629.0,35.0,86494.0,11629.0,100.0,0.48,-0.11
2017-02-10,7.13,7.6,7.13,7.28,7.28,30641.0,65.0,223033.0,28056.0,91.56,0.47,0.15
2017-02-13,7.63,7.63,7.11,7.23,7.31,53116.0,90.0,388102.0,46402.0,87.36,0.52,-0.4
2017-02-14,7.45,7.45,6.97,7.11,7.17,82935.0,66.0,594486.0,78535.0,94.69,0.48,-0.34
2017-02-15,7.15,7.3,6.76,7.18,6.96,124666.0,97.0,867503.0,110359.0,88.52,0.54,0.03
2017-02-16,6.89,7.14,6.89,7.08,7.06,43405.0,37.0,306403.0,37376.0,86.11,0.25,0.19
2017-02-17,7.0,7.08,6.74,6.88,6.88,15162.0,40.0,104339.0,15156.0,99.96,0.34,-0.12
2017-02-20,6.9,7.0,6.75,6.9,6.81,30222.0,39.0,205929.0,30222.0,100.0,0.25,0.0
2017-02-21,7.0,7.0,6.59,6.71,6.69,14797.0,40.0,98993.0,10797.0,72.97,0.41,-0.29
2017-02-22,6.98,6.98,6.5,6.53,6.59,11197.0,30.0,73765.0,9395.0,83.91,0.48,-0.45
2017-02-23,6.25,6.79,6.22,6.27,6.33,17495.0,47.0,110755.0,16492.0,94.27,0.57,0.02
2017-02-27,6.27,6.57,6.05,6.28,6.11,213102.0,41.0,1302377.0,210897.0,98.97,0.52,0.01
2017-02-28,6.48,6.48,6.04,6.14,6.18,4361.0,37.0,26967.0,4009.0,91.93,0.44,-0.34
2017-03-01,6.04,6.44,6.0,6.44,6.34,86678.0,67.0,549909.0,83478.0,96.31,0.44,0.4
2017-03-02,6.44,6.44,6.16,6.35,6.37,15410.0,24.0,98164.0,14210.0,92.21,0.28,-0.09
2017-03-03,6.2,6.4,6.04,6.39,6.29,27088.0,37.0,170332.0,20309.0,74.97,0.36,0.19
2017-03-06,6.36,6.36,6.08,6.1,6.11,5005.0,25.0,30578.0,3955.0,79.02,0.28,-0.26
2017-03-07,6.0,6.3,5.9,6.23,6.05,17016.0,41.0,103019.0,17011.0,99.97,0.4,0.23
2017-03-08,6.18,6.18,5.92,5.92,6.05,7636.0,26.0,46220.0,7626.0,99.87,0.26,-0.26
2017-03-09,6.15,6.15,5.63,5.63,5.66,14739.0,61.0,83376.0,13658.0,92.67,0.52,-0.52
2017-03-10,5.65,5.65,5.35,5.35,5.37,12930.0,40.0,69453.0,11836.0,91.54,0.3,-0.3
2017-03-14,5.35,5.35,5.09,5.09,5.12,13884.0,39.0,71036.0,13384.0,96.4,0.26,-0.26
2017-03-15,5.09,5.09,4.84,4.84,4.84,7405.0,12.0,35842.0,7405.0,100.0,0.25,-0.25
2017-03-16,4.83,4.83,4.6,4.6,4.62,6760.0,10.0,31201.0,6760.0,100.0,0.23,-0.23
2017-03-17,4.37,4.37,4.37,4.37,4.37,6086.0,24.0,26595.0,6086.0,100.0,0.0,0.0
2017-03-20,4.35,4.58,4.3,4.58,4.52,721256.0,593.0,3259612.0,690333.0,95.71,0.28,0.23
2017-03-21,4.79,4.8,4.6,4.75,4.74,875166.0,655.0,4144105.0,789513.0,90.21,0.2,-0.04
2017-03-22,4.9,4.9,4.75,4.81,4.83,577892.0,443.0,2793811.0,443954.0,76.82,0.15,-0.09
2017-03-23,4.85,4.9,4.62,4.76,4.81,241983.0,297.0,1163364.0,187826.0,77.62,0.28,-0.09
2017-03-24,4.85,4.85,4.53,4.53,4.63,100621.0,176.0,466163.0,100621.0,100.0,0.32,-0.32
2017-03-27,4.53,4.53,4.31,4.31,4.32,42052.0,46.0,181666.0,42052.0,100.0,0.22,-0.22
2017-03-28,4.3,4.3,4.3,4.3,4.3,12480.0,17.0,53664.0,12480.0,100.0,0.0,0.0
2017-03-29,4.3,4.3,4.3,4.3,4.3,2631.0,6.0,11313.0,2631.0,100.0,0.0,0.0
2017-03-30,4.3,4.3,4.3,4.3,4.3,180000.0,44.0,774000.0,180000.0,100.0,0.0,0.0
2017-03-31,4.3,4.3,4.3,4.3,4.3,4300.0,8.0,18490.0,4300.0,100.0,0.0,0.0
2017-04-03,4.09,4.09,4.09,4.09,4.09,5012.0,15.0,20499.0,5012.0,100.0,0.0,0.0
2017-04-05,3.89,3.89,3.89,3.89,3.89,11991.0,30.0,46644.0,11991.0,100.0,0.0,0.0
2017-04-06,3.7,3.7,3.7,3.7,3.7,35372.0,24.0,130876.0,35372.0,100.0,0.0,0.0
2017-04-07,3.52,3.52,3.52,3.52,3.52,9650.0,19.0,33968.0,9650.0,100.0,0.0,0.0
2017-04-10,3.35,3.35,3.35,3.35,3.35,9373.0,18.0,31399.0,9373.0,100.0,0.0,0.0
2017-04-11,3.19,3.19,3.19,3.19,3.19,4780.0,13.0,15248.0,4780.0,100.0,0.0,0.0
2017-04-12,3.04,3.04,3.04,3.04,3.04,1534.0,9.0,4663.0,1534.0,100.0,0.0,0.0
2017-04-13,2.89,2.89,2.89,2.89,2.89,12890.0,29.0,37252.0,12890.0,100.0,0.0,0.0
2017-04-17,2.75,2.75,2.75,2.75,2.75,63850.0,34.0,175587.0,63850.0,100.0,0.0,0.0
2017-04-18,2.62,2.62,2.62,2.62,2.62,16302.0,20.0,42711.0,16302.0,100.0,0.0,0.0
2017-04-19,2.5,2.5,2.49,2.49,2.49,6224.0,25.0,15501.0,6224.0,100.0,0.01,-0.01
2017-04-20,2.45,2.45,2.45,2.45,2.45,4175.0,5.0,10228.0,4175.0,100.0,0.0,0.0
2017-04-21,2.41,2.41,2.41,2.41,2.41,13864.0,14.0,33412.0,13864.0,100.0,0.0,0.0
2017-04-24,2.37,2.37,2.37,2.37,2.37,9534.0,11.0,22595.0,9534.0,100.0,0.0,0.0
2017-04-25,2.33,2.33,2.33,2.33,2.33,1946.0,5.0,4534.0,1946.0,100.0,0.0,0.0
2017-04-26,2.29,2.29,2.29,2.29,2.29,2359.0,8.0,5402.0,2359.0,100.0,0.0,0.0
2017-04-27,2.25,2.25,2.25,2.25,2.25,3844.0,10.0,8649.0,3844.0,100.0,0.0,0.0
2017-04-28,2.21,2.21,2.21,2.21,2.21,8779.0,13.0,19401.0,8779.0,100.0,0.0,0.0
2017-05-02,2.18,2.18,2.17,2.17,2.17,1177.0,4.0,2554.0,1177.0,100.0,0.01,-0.01
2017-05-03,2.13,2.13,2.13,2.13,2.13,6452.0,9.0,13742.0,6452.0,100.0,0.0,0.0
2017-05-04,2.09,2.09,2.09,2.09,2.09,772.0,7.0,1613.0,772.0,100.0,0.0,0.0
2017-05-05,2.05,2.05,2.05,2.05,2.05,5053.0,9.0,10358.0,5053.0,100.0,0.0,0.0
2017-05-08,2.01,2.01,2.01,2.01,2.01,2100.0,4.0,4221.0,2100.0,100.0,0.0,0.0
2017-05-09,2.0,2.0,1.97,1.97,1.97,20991.0,39.0,41382.0,20991.0,100.0,0.03,-0.03
2017-05-10,1.96,2.0,1.94,1.98,1.98,270707.0,154.0,536752.0,270707.0,100.0,0.06,0.02
2017-05-11,1.99,2.01,1.99,2.01,2.0,360668.0,140.0,721817.0,360668.0,100.0,0.02,0.02
2017-05-12,2.03,2.05,2.02,2.05,2.03,86207.0,79.0,175255.0,86207.0,100.0,0.03,0.02
2017-05-15,2.08,2.09,2.07,2.07,2.08,95105.0,68.0,197499.0,95105.0,100.0,0.02,-0.01
2017-05-16,2.1,2.11,2.09,2.11,2.1,126124.0,55.0,265385.0,126124.0,100.0,0.02,0.01
2017-05-17,2.14,2.15,2.13,2.15,2.14,65519.0,58.0,140126.0,65519.0,100.0,0.02,0.01
2017-05-18,2.18,2.19,2.16,2.18,2.18,83896.0,62.0,182664.0,83896.0,100.0,0.03,0.0
2017-05-19,2.18,2.21,2.18,2.2,2.19,33458.0,54.0,73406.0,33458.0,100.0,0.03,0.02
2017-05-22,2.2,2.21,2.18,2.18,2.19,24831.0,40.0,54335.0,24831.0,100.0,0.03,-0.02
2017-05-23,2.18,2.18,2.15,2.15,2.16,37281.0,29.0,80551.0,37281.0,100.0,0.03,-0.03
2017-05-24,2.15,2.15,2.11,2.11,2.12,10051.0,12.0,21269.0,10051.0,100.0,0.04,-0.04
2017-05-25,2.07,2.07,2.07,2.07,2.07,7250.0,13.0,15007.0,7250.0,100.0,0.0,0.0
2017-05-26,2.07,2.07,2.04,2.04,2.04,2152.0,3.0,4393.0,2152.0,100.0,0.03,-0.03
2017-05-29,2.02,2.02,2.02,2.02,2.02,756.0,3.0,1527.0,756.0,100.0,0.0,0.0
2017-05-30,2.0,2.02,2.0,2.02,2.01,4000.0,3.0,8040.0,4000.0,100.0,0.02,0.02
2017-05-31,2.02,2.02,1.98,2.0,2.0,4159.0,15.0,8326.0,4159.0,100.0,0.04,-0.02
2017-06-01,1.96,1.96,1.96,1.96,1.96,5157.0,12.0,10107.0,5157.0,100.0,0.0,0.0
2017-06-02,1.95,1.95,1.93,1.93,1.93,6304.0,11.0,12188.0,6304.0,100.0,0.02,-0.02
2017-06-05,1.9,1.9,1.9,1.9,1.9,2057.0,3.0,3908.0,2057.0,100.0,0.0,0.0
2017-06-06,1.87,1.87,1.87,1.87,1.87,8100.0,9.0,15147.0,8100.0,100.0,0.0,0.0
2017-06-07,1.85,1.85,1.85,1.85,1.85,6160.0,4.0,11396.0,6160.0,100.0,0.0,0.0
2017-06-08,1.85,1.85,1.83,1.83,1.84,1550.0,5.0,2845.0,1550.0,100.0,0.02,-0.02
2017-06-09,1.81,1.81,1.74,1.74,1.75,11342.0,20.0,19833.0,11342.0,100.0,0.07,-0.07
2017-06-12,1.72,1.72,1.72,1.72,1.72,4020.0,8.0,6914.0,4020.0,100.0,0.0,0.0
2017-06-13,1.72,1.72,1.72,1.72,1.72,300.0,1.0,516.0,300.0,100.0,0.0,0.0
2017-06-14,1.72,1.72,1.72,1.72,1.72,557.0,3.0,958.0,557.0,100.0,0.0,0.0
2017-06-15,1.72,1.72,1.72,1.72,1.72,2743.0,8.0,4717.0,2743.0,100.0,0.0,0.0
2017-06-16,1.72,1.72,1.72,1.72,1.72,2552.0,3.0,4389.0,2552.0,100.0,0.0,0.0
2017-06-19,1.72,1.8,1.72,1.72,1.74,6762.0,33.0,11776.0,6762.0,100.0,0.08,0.0
2017-06-20,1.78,1.78,1.72,1.72,1.73,3475.0,19.0,6000.0,3475.0,100.0,0.06,-0.06
2017-06-21,1.72,1.72,1.72,1.72,1.72,3933.0,12.0,6764.0,3933.0,100.0,0.0,0.0
2017-06-22,1.72,1.72,1.72,1.72,1.72,3552.0,7.0,6109.0,3552.0,100.0,0.0,0.0
2017-06-23,1.72,1.77,1.72,1.72,1.72,2286.0,14.0,3932.0,2286.0,100.0,0.05,0.0
2017-06-28,1.72,1.74,1.72,1.72,1.72,11638.0,10.0,20019.0,11638.0,100.0,0.02,0.0
2017-06-29,1.72,1.72,1.72,1.72,1.72,2505.0,4.0,4308.0,2505.0,100.0,0.0,0.0
2017-06-30,1.72,1.72,1.72,1.72,1.72,6700.0,11.0,11524.0,6700.0,100.0,0.0,0.0
2017-07-03,1.72,1.72,1.68,1.68,1.68,6002.0,6.0,10096.0,6002.0,100.0,0.04,-0.04
2017-07-04,1.66,1.66,1.6,1.6,1.63,3290.0,10.0,5356.0,3290.0,100.0,0.06,-0.06
2017-07-05,1.6,1.6,1.52,1.52,1.54,15630.0,15.0,24106.0,15630.0,100.0,0.08,-0.08
2017-07-06,1.52,1.52,1.45,1.45,1.47,13763.0,14.0,20181.0,13763.0,100.0,0.07,-0.07
2017-07-07,1.38,1.38,1.38,1.38,1.38,7900.0,15.0,10902.0,7900.0,100.0,0.0,0.0
2017-07-10,1.38,1.38,1.32,1.32,1.37,16915.0,13.0,23193.0,16915.0,100.0,0.06,-0.06
2017-07-11,1.26,1.26,1.26,1.26,1.26,3280.0,12.0,4132.0,3280.0,100.0,0.0,0.0
2017-07-12,1.2,1.2,1.2,1.2,1.2,4956.0,13.0,5947.0,4956.0,100.0,0.0,0.0
2017-07-13,1.22,1.22,1.14,1.15,1.17,86951.0,61.0,101856.0,86951.0,100.0,0.08,-0.07
2017-07-14,1.16,1.2,1.1,1.2,1.13,11131.0,14.0,12536.0,11131.0,100.0,0.1,0.04
2017-07-17,1.26,1.26,1.26,1.26,1.26,3935.0,10.0,4958.0,3935.0,100.0,0.0,0.0
2017-07-18,1.32,1.32,1.32,1.32,1.32,23709.0,25.0,31295.0,23709.0,100.0,0.0,0.0
2017-07-19,1.38,1.38,1.38,1.38,1.38,46724.0,28.0,64479.0,46724.0,100.0,0.0,0.0
2017-07-20,1.44,1.44,1.44,1.44,1.44,56487.0,48.0,81341.0,56487.0,100.0,0.0,0.0
2017-07-21,1.51,1.51,1.51,1.51,1.51,45288.0,32.0,68384.0,45288.0,100.0,0.0,0.0
2017-07-24,1.51,1.58,1.51,1.58,1.58,79565.0,27.0,125712.0,79565.0,100.0,0.07,0.07
2017-07-25,1.65,1.65,1.65,1.65,1.65,61095.0,50.0,100806.0,61095.0,100.0,0.0,0.0
2017-07-26,1.73,1.73,1.73,1.73,1.73,56291.0,29.0,97383.0,56291.0,100.0,0.0,0.0
2017-07-27,1.81,1.81,1.81,1.81,1.81,51216.0,31.0,92700.0,51216.0,100.0,0.0,0.0
2017-07-28,1.9,1.9,1.9,1.9,1.9,123008.0,55.0,233715.0,123008.0,100.0,0.0,0.0
2017-07-31,1.99,1.99,1.99,1.99,1.99,160581.0,75.0,319556.0,160581.0,100.0,0.0,0.0
2017-08-01,2.08,2.08,2.08,2.08,2.08,179274.0,83.0,372889.0,179274.0,100.0,0.0,0.0
2017-08-02,2.18,2.18,2.18,2.18,2.18,158020.0,123.0,344483.0,158020.0,100.0,0.0,0.0
2017-08-03,2.22,2.22,2.22,2.22,2.22,78545.0,46.0,174369.0,78545.0,100.0,0.0,0.0
2017-08-04,2.26,2.26,2.18,2.18,2.23,117943.0,101.0,263019.0,117943.0,100.0,0.08,-0.08
2017-08-07,2.15,2.15,2.14,2.14,2.14,72401.0,22.0,155122.0,72401.0,100.0,0.01,-0.01
2017-08-08,2.1,2.1,2.1,2.1,2.1,14156.0,14.0,29727.0,14156.0,100.0,0.0,0.0
2017-08-09,2.06,2.06,2.06,2.06,2.06,2600.0,8.0,5356.0,2600.0,100.0,0.0,0.0
2017-08-10,2.02,2.02,2.02,2.02,2.02,1120.0,3.0,2262.0,1120.0,100.0,0.0,0.0
2017-08-11,1.98,1.98,1.98,1.98,1.98,1410.0,5.0,2791.0,1410.0,100.0,0.0,0.0
2017-08-14,1.95,1.95,1.95,1.95,1.95,2291.0,8.0,4467.0,2291.0,100.0,0.0,0.0
2017-08-16,1.92,1.92,1.92,1.92,1.92,5533.0,9.0,10623.0,5533.0,100.0,0.0,0.0
2017-08-17,1.89,1.89,1.89,1.89,1.89,8426.0,15.0,15925.0,8426.0,100.0,0.0,0.0
2017-08-18,1.86,1.86,1.86,1.86,1.86,278.0,4.0,517.0,278.0,100.0,0.0,0.0
2017-08-21,1.83,1.83,1.83,1.83,1.83,1310.0,6.0,2397.0,1310.0,100.0,0.0,0.0
2017-08-22,1.8,1.8,1.8,1.8,1.8,3300.0,4.0,5940.0,3300.0,100.0,0.0,0.0
2017-08-23,1.77,1.77,1.77,1.77,1.77,702.0,6.0,1242.0,702.0,100.0,0.0,0.0
2017-08-24,1.74,1.74,1.74,1.74,1.74,1000.0,1.0,1740.0,1000.0,100.0,0.0,0.0
2017-08-28,1.71,1.71,1.71,1.71,1.71,6260.0,9.0,10704.0,6260.0,100.0,0.0,0.0
2017-08-29,1.68,1.68,1.68,1.68,1.68,6651.0,7.0,11173.0,6651.0,100.0,0.0,0.0
2017-08-30,1.65,1.65,1.65,1.65,1.65,950.0,3.0,1567.0,950.0,100.0,0.0,0.0
2017-08-31,1.62,1.62,1.62,1.62,1.62,2000.0,7.0,3240.0,2000.0,100.0,0.0,0.0
2017-09-01,1.59,1.59,1.59,1.59,1.59,19672.0,12.0,31278.0,19672.0,100.0,0.0,0.0
2017-09-04,1.56,1.56,1.56,1.56,1.56,5100.0,8.0,7956.0,5100.0,100.0,0.0,0.0
2017-09-05,1.53,1.53,1.53,1.53,1.53,510.0,3.0,780.0,510.0,100.0,0.0,0.0
2017-09-06,1.5,1.5,1.5,1.5,1.5,18750.0,9.0,28125.0,18750.0,100.0,0.0,0.0
2017-09-07,1.47,1.47,1.47,1.47,1.47,42574.0,9.0,62583.0,42574.0,100.0,0.0,0.0
2017-09-08,1.45,1.45,1.45,1.45,1.45,17503.0,16.0,25379.0,17503.0,100.0,0.0,0.0
2017-09-11,1.43,1.43,1.43,1.43,1.43,13703.0,8.0,19595.0,13703.0,100.0,0.0,0.0
2017-09-12,1.41,1.45,1.41,1.45,1.43,190492.0,77.0,273348.0,190492.0,100.0,0.04,0.04
2017-09-13,1.47,1.47,1.47,1.47,1.47,46130.0,31.0,67811.0,46130.0,100.0,0.0,0.0
2017-09-14,1.49,1.49,1.49,1.49,1.49,4238.0,9.0,6314.0,4238.0,100.0,0.0,0.0
2017-09-15,1.51,1.51,1.51,1.51,1.51,12836.0,10.0,19382.0,12836.0,100.0,0.0,0.0
2017-09-18,1.54,1.54,1.54,1.54,1.54,3142.0,6.0,4838.0,3142.0,100.0,0.0,0.0
2017-09-19,1.57,1.57,1.57,1.57,1.57,50904.0,47.0,79919.0,50904.0,100.0,0.0,0.0
2017-09-20,1.6,1.6,1.6,1.6,1.6,55279.0,29.0,88446.0,55279.0,100.0,0.0,0.0
2017-09-21,1.59,1.63,1.57,1.63,1.6,112936.0,56.0,180795.0,112936.0,100.0,0.06,0.04
2017-09-22,1.66,1.66,1.66,1.66,1.66,32515.0,23.0,53974.0,32515.0,100.0,0.0,0.0
2017-09-25,1.66,1.69,1.63,1.63,1.64,37854.0,31.0,61938.0,37854.0,100.0,0.06,-0.03
2017-09-26,1.6,1.6,1.6,1.6,1.6,4846.0,8.0,7753.0,4846.0,100.0,0.0,0.0
2017-09-27,1.6,1.62,1.57,1.61,1.61,31765.0,21.0,51101.0,31765.0,100.0,0.05,0.01
2017-09-28,1.61,1.61,1.58,1.58,1.58,17733.0,17.0,28051.0,17733.0,100.0,0.03,-0.03
2017-09-29,1.58,1.61,1.55,1.61,1.61,38725.0,27.0,62178.0,38725.0,100.0,0.06,0.03
2017-10-03,1.61,1.61,1.58,1.59,1.6,9461.0,16.0,15094.0,9461.0,100.0,0.03,-0.02
2017-10-04,1.58,1.58,1.56,1.56,1.57,13685.0,10.0,21456.0,13685.0,100.0,0.02,-0.02
2017-10-05,1.56,1.56,1.56,1.56,1.56,634.0,3.0,989.0,634.0,100.0,0.0,0.0
2017-10-06,1.54,1.54,1.53,1.53,1.53,4412.0,8.0,6770.0,4412.0,100.0,0.01,-0.01
2017-10-09,1.52,1.52,1.5,1.52,1.51,260.0,5.0,393.0,260.0,100.0,0.02,0.0
2017-10-11,1.51,1.51,1.51,1.51,1.51,3200.0,5.0,4832.0,3200.0,100.0,0.0,0.0
2017-10-12,1.5,1.5,1.5,1.5,1.5,110.0,2.0,165.0,110.0,100.0,0.0,0.0
2017-10-13,1.5,1.5,1.47,1.48,1.48,4510.0,13.0,6664.0,4510.0,100.0,0.03,-0.02
2017-10-16,1.48,1.5,1.48,1.5,1.5,2800.0,6.0,4188.0,2800.0,100.0,0.02,0.02
2017-10-17,1.47,1.47,1.47,1.47,1.47,33200.0,17.0,48804.0,33200.0,100.0,0.0,0.0
2017-10-18,1.45,1.45,1.45,1.45,1.45,3500.0,7.0,5075.0,3500.0,100.0,0.0,0.0
2017-10-19,1.43,1.43,1.43,1.43,1.43,1503.0,4.0,2149.0,1503.0,100.0,0.0,0.0
2017-10-23,1.41,1.41,1.41,1.41,1.41,46553.0,9.0,65639.0,46553.0,100.0,0.0,0.0
2017-10-24,1.39,1.43,1.39,1.43,1.42,8368.0,14.0,11909.0,8368.0,100.0,0.04,0.04
2017-10-25,1.41,1.45,1.41,1.45,1.44,83691.0,33.0,120775.0,83691.0,100.0,0.04,0.04
2017-10-26,1.47,1.47,1.47,1.47,1.47,27066.0,8.0,39787.0,27066.0,100.0,0.0,0.0
2017-10-27,1.49,1.49,1.49,1.49,1.49,25480.0,18.0,37965.0,25480.0,100.0,0.0,0.0
2017-10-30,1.51,1.51,1.47,1.51,1.5,18435.0,12.0,27644.0,18435.0,100.0,0.04,0.0
2017-10-31,1.54,1.54,1.54,1.54,1.54,2085.0,6.0,3210.0,2085.0,100.0,0.0,0.0
2017-11-01,1.54,1.57,1.54,1.57,1.56,6516.0,8.0,10170.0,6516.0,100.0,0.03,0.03
2017-11-02,1.6,1.6,1.6,1.6,1.6,11603.0,7.0,18564.0,11603.0,100.0,0.0,0.0
2017-11-03,1.63,1.63,1.63,1.63,1.63,14953.0,8.0,24373.0,14953.0,100.0,0.0,0.0
2017-11-06,1.66,1.66,1.66,1.66,1.66,18767.0,9.0,31153.0,18767.0,100.0,0.0,0.0
2017-11-07,1.69,1.69,1.69,1.69,1.69,24619.0,8.0,41606.0,24619.0,100.0,0.0,0.0
2017-11-08,1.72,1.72,1.72,1.72,1.72,40858.0,9.0,70275.0,40858.0,100.0,0.0,0.0
2017-11-09,1.75,1.75,1.75,1.75,1.75,3868.0,6.0,6769.0,3868.0,100.0,0.0,0.0
2017-11-10,1.78,1.78,1.78,1.78,1.78,14263.0,8.0,25388.0,14263.0,100.0,0.0,0.0
2017-11-13,1.81,1.81,1.81,1.81,1.81,8613.0,11.0,15589.0,8613.0,100.0,0.0,0.0
2017-11-14,1.84,1.84,1.84,1.84,1.84,9903.0,8.0,18221.0,9903.0,100.0,0.0,0.0
2017-11-15,1.87,1.87,1.87,1.87,1.87,5011.0,3.0,9370.0,5011.0,100.0,0.0,0.0
2017-11-16,1.9,1.9,1.9,1.9,1.9,117025.0,25.0,222347.0,117025.0,100.0,0.0,0.0
2017-11-17,1.93,1.93,1.93,1.93,1.93,37658.0,51.0,72679.0,37658.0,100.0,0.0,0.0
2017-11-20,1.96,1.96,1.96,1.96,1.96,134005.0,35.0,262649.0,134005.0,100.0,0.0,0.0
2017-11-21,1.99,1.99,1.99,1.99,1.99,37663.0,18.0,74949.0,37663.0,100.0,0.0,0.0
2017-11-22,2.02,2.02,2.02,2.02,2.02,37602.0,28.0,75956.0,37602.0,100.0,0.0,0.0
2017-11-23,2.06,2.06,1.98,1.98,1.99,54979.0,47.0,109274.0,54979.0,100.0,0.08,-0.08
2017-11-24,1.98,1.98,1.95,1.95,1.97,11778.0,8.0,23194.0,11778.0,100.0,0.03,-0.03
2017-11-27,1.92,1.92,1.92,1.92,1.92,4915.0,6.0,9436.0,4915.0,100.0,0.0,0.0
2017-11-28,1.89,1.89,1.89,1.89,1.88,102.0,3.0,192.0,102.0,100.0,0.0,0.0
2017-11-29,1.86,1.86,1.86,1.86,1.86,32946.0,4.0,61279.0,32946.0,100.0,0.0,0.0
2017-11-30,1.86,1.86,1.83,1.83,1.84,5375.0,7.0,9866.0,5375.0,100.0,0.03,-0.03
2017-12-01,1.8,1.8,1.8,1.8,1.8,762.0,13.0,1371.0,762.0,100.0,0.0,0.0
2017-12-04,1.77,1.77,1.77,1.77,1.77,100.0,1.0,177.0,100.0,100.0,0.0,0.0
2017-12-05,1.74,1.74,1.74,1.74,1.74,8810.0,8.0,15329.0,8810.0,100.0,0.0,0.0
2017-12-06,1.71,1.71,1.71,1.71,1.71,1800.0,4.0,3078.0,1800.0,100.0,0.0,0.0
2017-12-07,1.68,1.68,1.63,1.63,1.64,274.0,8.0,449.0,274.0,100.0,0.05,-0.05
2017-12-08,1.6,1.71,1.55,1.71,1.6,49034.0,35.0,78255.0,49034.0,100.0,0.16,0.11
2017-12-11,1.75,1.79,1.75,1.79,1.79,12480.0,14.0,22311.0,12480.0,100.0,0.04,0.04
2017-12-12,1.79,1.87,1.71,1.72,1.81,39569.0,53.0,71512.0,39569.0,100.0,0.16,-0.07
2017-12-13,1.8,1.8,1.65,1.79,1.73,16203.0,45.0,28103.0,16203.0,100.0,0.15,-0.01
2017-12-14,1.77,1.87,1.71,1.85,1.78,10321.0,28.0,18414.0,10321.0,100.0,0.16,0.08
2017-12-15,1.91,1.91,1.76,1.83,1.83,21974.0,25.0,40225.0,21974.0,100.0,0.15,-0.08
2017-12-18,1.83,1.92,1.83,1.92,1.91,190241.0,52.0,364029.0,190241.0,100.0,0.09,0.09
2017-12-19,2.01,2.01,2.01,2.01,2.01,21330.0,19.0,42873.0,21330.0,100.0,0.0,0.0
2017-12-20,2.11,2.11,2.11,2.11,2.11,30536.0,20.0,64430.0,30536.0,100.0,0.0,0.0
2017-12-21,2.21,2.21,2.21,2.21,2.21,94210.0,15.0,208204.0,94210.0,100.0,0.0,0.0
2017-12-22,2.32,2.32,2.32,2.32,2.32,108160.0,23.0,250931.0,108160.0,100.0,0.0,0.0
2017-12-26,2.43,2.43,2.43,2.43,2.43,44182.0,31.0,107362.0,44182.0,100.0,0.0,0.0
2017-12-27,2.55,2.55,2.55,2.55,2.55,79420.0,47.0,202521.0,79420.0,100.0,0.0,0.0
2017-12-28,2.67,2.67,2.67,2.67,2.67,122490.0,20.0,327048.0,122490.0,100.0,0.0,0.0
2017-12-29,2.75,2.75,2.75,2.75,2.75,138881.0,42.0,381922.0,138881.0,100.0,0.0,0.0
2018-01-01,2.88,2.88,2.88,2.88,2.88,17775.0,22.0,51192.0,17775.0,100.0,0.0,0.0
2018-01-02,3.02,3.02,3.02,3.02,3.02,11845.0,18.0,35771.0,11845.0,100.0,0.0,0.0
2018-01-03,3.17,3.17,3.17,3.17,3.17,21600.0,13.0,68472.0,21600.0,100.0,0.0,0.0
2018-01-04,3.23,3.23,3.23,3.23,3.23,78072.0,50.0,252172.0,78072.0,100.0,0.0,0.0
2018-01-05,3.29,3.29,3.29,3.29,3.29,49260.0,40.0,162065.0,49260.0,100.0,0.0,0.0
2018-01-08,3.35,3.35,3.35,3.35,3.35,484175.0,33.0,1621986.0,484175.0,100.0,0.0,0.0
2018-01-09,3.41,3.41,3.4,3.41,3.41,40740.0,49.0,138903.0,40740.0,100.0,0.01,0.0
2018-01-10,3.47,3.47,3.47,3.47,3.47,54230.0,27.0,188178.0,54230.0,100.0,0.0,0.0
2018-01-11,3.53,3.53,3.53,3.53,3.53,34410.0,26.0,121467.0,34410.0,100.0,0.0,0.0
2018-01-12,3.6,3.6,3.6,3.6,3.6,29310.0,20.0,105516.0,29310.0,100.0,0.0,0.0
2018-01-15,3.67,3.67,3.67,3.67,3.67,35000.0,15.0,128450.0,35000.0,100.0,0.0,0.0
2018-01-16,3.74,3.74,3.74,3.74,3.74,193107.0,28.0,722220.0,193107.0,100.0,0.0,0.0
2018-01-17,3.81,3.81,3.81,3.81,3.81,241226.0,24.0,919071.0,241226.0,100.0,0.0,0.0
2018-01-18,3.88,3.88,3.74,3.74,3.83,41015.0,20.0,157142.0,41015.0,100.0,0.14,-0.14
2018-01-19,3.67,3.67,3.67,3.67,3.67,4686.0,6.0,17197.0,4686.0,100.0,0.0,0.0
2018-01-22,3.6,3.6,3.6,3.6,3.6,102000.0,9.0,367200.0,102000.0,100.0,0.0,0.0
2018-01-23,3.53,3.53,3.53,3.53,3.53,4810.0,5.0,16979.0,4810.0,100.0,0.0,0.0
2018-01-24,3.46,3.46,3.46,3.46,3.46,21800.0,6.0,75428.0,21800.0,100.0,0.0,0.0
2018-01-25,3.4,3.4,3.4,3.4,3.4,40373.0,6.0,137268.0,40373.0,100.0,0.0,0.0
2018-01-30,3.34,3.34,3.34,3.34,3.32,22.0,2.0,73.0,22.0,100.0,0.0,0.0
2018-01-31,3.28,3.28,3.28,3.28,3.28,14250.0,2.0,46740.0,14250.0,100.0,0.0,0.0
2018-02-01,3.22,3.22,3.22,3.22,3.22,5060.0,3.0,16293.0,5060.0,100.0,0.0,0.0
2018-02-02,3.16,3.16,3.16,3.16,3.15,124.0,4.0,391.0,124.0,100.0,0.0,0.0
2018-02-05,3.1,3.1,3.1,3.1,3.1,1610.0,3.0,4991.0,1610.0,100.0,0.0,0.0
2018-02-06,3.04,3.04,3.04,3.04,3.0,1.0,1.0,3.0,1.0,100.0,0.0,0.0
2018-02-07,2.89,2.89,2.89,2.89,2.89,3710.0,18.0,10721.0,3710.0,100.0,0.0,0.0
2018-02-08,2.75,2.75,2.75,2.75,2.75,2005.0,6.0,5513.0,2005.0,100.0,0.0,0.0
2018-02-09,2.62,2.62,2.62,2.62,2.62,224.0,4.0,586.0,224.0,100.0,0.0,0.0
2018-02-12,2.49,2.49,2.49,2.49,2.49,1631.0,8.0,4061.0,1631.0,100.0,0.0,0.0
2018-02-14,2.37,2.37,2.37,2.37,2.37,3184.0,11.0,7546.0,3184.0,100.0,0.0,0.0
2018-02-15,2.27,2.27,2.26,2.26,2.26,4306.0,8.0,9731.0,4306.0,100.0,0.01,-0.01
2018-02-16,2.15,2.15,2.15,2.15,2.15,767.0,18.0,1649.0,767.0,100.0,0.0,0.0
2018-02-19,2.05,2.05,2.05,2.05,2.05,6267.0,27.0,12847.0,6267.0,100.0,0.0,0.0
2018-02-20,1.95,1.95,1.95,1.95,1.95,501.0,4.0,976.0,501.0,100.0,0.0,0.0
2018-02-21,1.86,1.95,1.86,1.87,1.89,1500.0,5.0,2836.0,1500.0,100.0,0.09,0.01
2018-02-22,1.87,1.96,1.87,1.96,1.92,9317.0,15.0,17902.0,9317.0,100.0,0.09,0.09
2018-02-23,2.05,2.05,2.05,2.05,2.05,10209.0,8.0,20928.0,10209.0,100.0,0.0,0.0
2018-02-26,2.06,2.06,2.05,2.05,2.05,5030.0,3.0,10312.0,5030.0,100.0,0.01,-0.01
2018-02-27,2.05,2.05,2.05,2.05,2.05,100.0,1.0,205.0,100.0,100.0,0.0,0.0
2018-02-28,1.95,1.95,1.95,1.95,1.95,1840.0,8.0,3588.0,1840.0,100.0,0.0,0.0
2018-03-01,1.95,1.95,1.95,1.95,1.95,225.0,3.0,438.0,225.0,100.0,0.0,0.0
2018-03-05,1.86,1.86,1.86,1.86,1.86,100.0,2.0,186.0,100.0,100.0,0.0,0.0
2018-03-06,1.77,1.86,1.77,1.86,1.78,1521.0,6.0,2710.0,1521.0,100.0,0.09,0.09
2018-03-07,1.86,1.86,1.77,1.77,1.78,4835.0,9.0,8612.0,4835.0,100.0,0.09,-0.09
2018-03-09,1.77,1.77,1.77,1.77,1.0,1.0,1.0,1.0,1.0,100.0,0.0,0.0
2018-03-13,1.74,1.74,1.69,1.69,1.69,1341.0,4.0,2266.0,1341.0,100.0,0.05,-0.05
2018-03-14,1.61,1.61,1.61,1.61,1.61,2200.0,7.0,3542.0,2200.0,100.0,0.0,0.0
2018-03-15,1.53,1.53,1.53,1.53,1.53,30130.0,21.0,46098.0,30130.0,100.0,0.0,0.0
2018-03-16,1.53,1.6,1.46,1.6,1.52,19852.0,25.0,30243.0,19852.0,100.0,0.14,0.07
2018-03-19,1.65,1.65,1.52,1.53,1.6,3342.0,13.0,5334.0,3342.0,100.0,0.13,-0.12
2018-03-20,1.6,1.6,1.46,1.6,1.59,5315.0,7.0,8433.0,5315.0,100.0,0.14,0.0
2018-03-21,1.55,1.55,1.52,1.52,1.53,6133.0,12.0,9398.0,6133.0,100.0,0.03,-0.03
2018-03-22,1.5,1.5,1.45,1.45,1.5,7764.0,10.0,11611.0,7764.0,100.0,0.05,-0.05
2018-03-23,1.4,1.4,1.38,1.38,1.39,4922.0,16.0,6819.0,4922.0,100.0,0.02,-0.02
2018-03-26,1.35,1.35,1.32,1.32,1.32,4748.0,15.0,6282.0,4748.0,100.0,0.03,-0.03
2018-03-27,1.38,1.38,1.27,1.38,1.34,6754.0,12.0,9030.0,6754.0,100.0,0.11,0.0
2018-03-28,1.32,1.44,1.32,1.42,1.41,6445.0,14.0,9058.0,6445.0,100.0,0.12,0.1
2018-04-02,1.35,1.49,1.35,1.49,1.49,5337.0,10.0,7934.0,5337.0,100.0,0.14,0.14
2018-04-03,1.49,1.56,1.49,1.56,1.54,769.0,4.0,1182.0,769.0,100.0,0.07,0.07
2018-04-04,1.56,1.63,1.56,1.63,1.58,487.0,6.0,769.0,487.0,100.0,0.07,0.07
2018-04-05,1.63,1.63,1.56,1.56,1.61,4837.0,15.0,7777.0,4837.0,100.0,0.07,-0.07
2018-04-06,1.56,1.56,1.56,1.56,1.56,3395.0,6.0,5296.0,3395.0,100.0,0.0,0.0
2018-04-09,1.55,1.55,1.49,1.49,1.49,2697.0,13.0,4021.0,2697.0,100.0,0.06,-0.06
2018-04-10,1.49,1.49,1.42,1.42,1.43,4900.0,16.0,7028.0,4900.0,100.0,0.07,-0.07
2018-04-11,1.42,1.49,1.35,1.44,1.44,9550.0,18.0,13740.0,9550.0,100.0,0.14,0.02
2018-04-12,1.37,1.45,1.37,1.45,1.41,4382.0,16.0,6199.0,4382.0,100.0,0.08,0.08
2018-04-13,1.45,1.45,1.38,1.45,1.4,1240.0,10.0,1735.0,1240.0,100.0,0.07,0.0
2018-04-16,1.45,1.5,1.38,1.5,1.46,3162.0,9.0,4623.0,3162.0,100.0,0.12,0.05
2018-04-17,1.5,1.5,1.43,1.5,1.46,6263.0,9.0,9113.0,6263.0,100.0,0.07,0.0
2018-04-18,1.44,1.56,1.43,1.56,1.55,1607.0,11.0,2493.0,1607.0,100.0,0.13,0.12
2018-04-20,1.56,1.56,1.56,1.56,1.56,100.0,1.0,156.0,100.0,100.0,0.0,0.0
2018-04-23,1.62,1.62,1.5,1.5,1.53,7420.0,8.0,11372.0,7420.0,100.0,0.12,-0.12
2018-04-24,1.5,1.5,1.43,1.43,1.43,501.0,2.0,716.0,501.0,100.0,0.07,-0.07
2018-04-25,1.36,1.5,1.36,1.5,1.37,12225.0,14.0,16714.0,12225.0,100.0,0.14,0.14
2018-04-26,1.5,1.5,1.5,1.5,1.5,1526.0,7.0,2289.0,1526.0,100.0,0.0,0.0
2018-04-27,1.43,1.43,1.43,1.43,1.43,760.0,3.0,1086.0,760.0,100.0,0.0,0.0
2018-04-30,1.43,1.43,1.38,1.38,1.41,562.0,6.0,793.0,562.0,100.0,0.05,-0.05
2018-05-02,1.38,1.38,1.38,1.38,1.38,4004.0,4.0,5525.0,4004.0,100.0,0.0,0.0
2018-05-03,1.38,1.38,1.32,1.38,1.32,5408.0,4.0,7139.0,5408.0,100.0,0.06,0.0
2018-05-07,1.32,1.38,1.32,1.38,1.32,5023.0,5.0,6630.0,5023.0,100.0,0.06,0.06
2018-05-08,1.32,1.44,1.32,1.4,1.37,11119.0,20.0,15263.0,11119.0,100.0,0.12,0.08
2018-05-09,1.33,1.46,1.33,1.38,1.33,14682.0,15.0,19573.0,14682.0,100.0,0.13,0.05
2018-05-10,1.43,1.43,1.43,1.43,1.43,4100.0,2.0,5863.0,4100.0,100.0,0.0,0.0
2018-05-11,1.4,1.47,1.4,1.43,1.4,2102.0,8.0,2945.0,2102.0,100.0,0.07,0.03
2018-05-16,1.42,1.42,1.42,1.42,1.42,500.0,1.0,710.0,500.0,100.0,0.0,0.0
2018-05-23,1.42,1.42,1.39,1.39,1.4,20.0,2.0,28.0,20.0,100.0,0.03,-0.03
2018-05-28,1.44,1.44,1.33,1.37,1.36,2734.0,15.0,3712.0,2734.0,100.0,0.11,-0.07
2018-05-29,1.38,1.38,1.31,1.31,1.32,2120.0,10.0,2805.0,2120.0,100.0,0.07,-0.07
2018-05-30,1.36,1.36,1.25,1.29,1.26,6128.0,16.0,7715.0,6128.0,100.0,0.11,-0.07
2018-05-31,1.23,1.26,1.23,1.23,1.23,14831.0,17.0,18242.0,14831.0,100.0,0.03,0.0
2018-06-01,1.17,1.27,1.17,1.17,1.17,4924.0,7.0,5761.0,4924.0,100.0,0.1,0.0
2018-06-04,1.12,1.2,1.12,1.19,1.14,2511.0,8.0,2873.0,2511.0,100.0,0.08,0.07
2018-06-05,1.19,1.2,1.19,1.2,1.19,130.0,3.0,155.0,130.0,100.0,0.01,0.01
2018-06-06,1.2,1.2,1.2,1.2,1.2,509.0,3.0,610.0,509.0,100.0,0.0,0.0
2018-06-07,1.15,1.15,1.15,1.15,1.15,3031.0,3.0,3485.0,3031.0,100.0,0.0,0.0
2018-06-08,1.15,1.15,1.15,1.15,1.15,3515.0,6.0,4042.0,3515.0,100.0,0.0,0.0
2018-06-11,1.15,1.15,1.15,1.15,1.15,500.0,1.0,575.0,500.0,100.0,0.0,0.0
2018-06-12,1.15,1.15,1.15,1.15,1.15,400.0,2.0,460.0,400.0,100.0,0.0,0.0
2018-06-13,1.15,1.2,1.15,1.2,1.19,9111.0,11.0,10861.0,9111.0,100.0,0.05,0.05
2018-06-14,1.25,1.25,1.2,1.25,1.24,465.0,5.0,576.0,465.0,100.0,0.05,0.0
2018-06-15,1.29,1.29,1.2,1.27,1.29,1340.0,13.0,1722.0,1340.0,100.0,0.09,-0.02
2018-10-08,1.25,1.25,1.25,1.25,1.24,70.0,3.0,87.0,70.0,100.0,0.0,0.0
2018-11-05,1.19,1.19,1.19,1.19,1.19,300.0,1.0,357.0,300.0,100.0,0.0,0.0
2018-11-12,1.14,1.14,1.14,1.14,1.0,1.0,1.0,1.0,1.0,100.0,0.0,0.0
2018-12-03,1.1,1.1,1.1,1.1,1.1,1000.0,1.0,1100.0,1000.0,100.0,0.0,0.0
2019-01-21,1.05,1.05,1.05,1.05,1.0,5.0,1.0,5.0,5.0,100.0,0.0,0.0
2019-01-22,1.0,1.0,1.0,1.0,1.0,1.0,1.0,1.0,1.0,100.0,0.0,0.0
2019-01-30,1.0,1.0,1.0,1.0,1.0,1.0,1.0,1.0,1.0,100.0,0.0,0.0
2019-02-13,0.95,0.95,0.95,0.95,0.95,200.0,2.0,190.0,200.0,100.0,0.0,0.0
2019-02-22,0.95,0.95,0.95,0.95,0.0,1.0,1.0,0.0,1.0,100.0,0.0,0.0
2019-03-13,0.95,0.95,0.95,0.95,0.93,30.0,3.0,28.0,30.0,100.0,0.0,0.0
2019-03-19,0.95,0.95,0.95,0.95,0.75,4.0,1.0,3.0,4.0,100.0,0.0,0.0
2019-03-25,0.95,0.95,0.95,0.95,0.95,288.0,1.0,273.0,288.0,100.0,0.0,0.0
2019-03-26,0.99,0.99,0.99,0.99,0.0,1.0,1.0,0.0,1.0,100.0,0.0,0.0
2019-03-27,0.99,0.99,0.99,0.99,0.0,1.0,1.0,0.0,1.0,100.0,0.0,0.0
2019-04-02,0.95,0.95,0.95,0.95,0.0,1.0,1.0,0.0,1.0,100.0,0.0,0.0
2019-04-04,0.91,0.95,0.91,0.93,0.94,5050.0,5.0,4726.0,5050.0,100.0,0.04,0.02
2019-04-08,0.89,0.91,0.89,0.9,0.9,400.0,3.0,360.0,400.0,100.0,0.02,0.01
2019-04-09,0.88,0.88,0.86,0.86,0.83,12.0,3.0,10.0,12.0,100.0,0.02,-0.02
2019-04-15,0.9,0.9,0.9,0.9,0.9,1320.0,4.0,1188.0,1320.0,100.0,0.0,0.0
2019-04-16,0.94,0.94,0.86,0.86,0.9,2000.0,3.0,1800.0,2000.0,100.0,0.08,-0.08
2019-04-18,0.86,0.86,0.86,0.86,0.85,116.0,2.0,99.0,116.0,100.0,0.0,0.0
2019-04-23,0.86,0.86,0.86,0.86,0.86,100.0,1.0,86.0,100.0,100.0,0.0,0.0
2019-05-06,0.9,0.9,0.9,0.9,0.9,100.0,1.0,90.0,100.0,100.0,0.0,0.0
2019-05-08,0.94,0.94,0.9,0.9,0.93,130.0,2.0,121.0,130.0,100.0,0.04,-0.04
2019-05-10,0.86,0.9,0.86,0.89,0.89,2800.0,8.0,2480.0,2800.0,100.0,0.04,0.03
2019-05-13,0.93,0.93,0.89,0.89,0.9,309.0,3.0,279.0,309.0,100.0,0.04,-0.04
2019-05-15,0.86,0.86,0.86,0.86,0.0,1.0,1.0,0.0,1.0,100.0,0.0,0.0
2019-05-16,0.86,0.9,0.86,0.9,0.88,10000.0,9.0,8829.0,10000.0,100.0,0.04,0.04
2019-05-21,0.9,0.9,0.9,0.9,0.0,1.0,1.0,0.0,1.0,100.0,0.0,0.0
2019-05-24,0.86,0.86,0.86,0.86,0.5,2.0,2.0,1.0,2.0,100.0,0.0,0.0
2019-05-27,0.86,0.86,0.86,0.86,0.8,10.0,1.0,8.0,10.0,100.0,0.0,0.0
2019-05-28,0.86,0.86,0.86,0.86,0.86,100.0,2.0,86.0,100.0,100.0,0.0,0.0
2019-05-29,0.86,0.86,0.86,0.86,0.8,10.0,1.0,8.0,10.0,100.0,0.0,0.0
2019-05-30,0.85,0.85,0.85,0.85,0.84,57.0,1.0,48.0,57.0,100.0,0.0,0.0
2019-06-04,0.81,0.81,0.81,0.81,0.0,1.0,1.0,0.0,1.0,100.0,0.0,0.0
2019-06-13,0.77,0.77,0.77,0.77,0.0,1.0,1.0,0.0,1.0,100.0,0.0,0.0
2019-06-14,0.77,0.77,0.77,0.77,0.77,200.0,1.0,154.0,200.0,100.0,0.0,0.0
2019-06-20,0.74,0.74,0.74,0.74,0.74,1300.0,2.0,962.0,1300.0,100.0,0.0,0.0
2019-07-08,0.77,0.77,0.77,0.77,0.77,1500.0,3.0,1155.0,1500.0,100.0,0.0,0.0
2019-07-09,0.77,0.77,0.77,0.77,0.77,100.0,1.0,77.0,100.0,100.0,0.0,0.0
2019-07-15,0.77,0.77,0.77,0.77,0.77,503.0,3.0,387.0,503.0,100.0,0.0,0.0
2019-07-25,0.77,0.77,0.77,0.77,0.77,500.0,1.0,385.0,500.0,100.0,0.0,0.0
2019-07-26,0.77,0.77,0.77,0.77,0.77,82.0,1.0,63.0,82.0,100.0,0.0,0.0
2019-08-02,0.77,0.77,0.77,0.77,0.77,611.0,3.0,470.0,611.0,100.0,0.0,0.0
2019-08-08,0.77,0.77,0.77,0.77,0.0,1.0,1.0,0.0,1.0,100.0,0.0,0.0
2019-08-29,0.77,0.77,0.77,0.77,0.0,1.0,1.0,0.0,1.0,100.0,0.0,0.0
2019-09-25,0.77,0.77,0.77,0.77,0.0,1.0,1.0,0.0,1.0,100.0,0.0,0.0
2019-09-27,0.77,0.77,0.77,0.77,0.0,1.0,1.0,0.0,1.0,100.0,0.0,0.0
2019-10-09,0.77,0.77,0.77,0.77,0.76,25.0,1.0,19.0,25.0,100.0,0.0,0.0
2019-10-11,0.77,0.77,0.74,0.74,0.77,52.0,8.0,40.0,52.0,100.0,0.03,-0.03
2019-10-16,0.71,0.71,0.71,0.71,0.71,2000.0,2.0,1420.0,2000.0,100.0,0.0,0.0
2019-10-30,0.7,0.7,0.7,0.7,0.7,165.0,1.0,115.0,165.0,100.0,0.0,0.0
2019-11-08,0.67,0.67,0.67,0.67,0.67,974.0,1.0,652.0,974.0,100.0,0.0,0.0
2019-11-18,0.64,0.64,0.64,0.64,0.64,100.0,1.0,64.0,100.0,100.0,0.0,0.0
2019-11-20,0.64,0.64,0.64,0.64,0.64,25.0,1.0,16.0,25.0,100.0,0.0,0.0
2019-11-29,0.64,0.64,0.64,0.64,0.5,4.0,1.0,2.0,4.0,100.0,0.0,0.0
2019-12-03,0.62,0.62,0.62,0.62,0.62,100.0,1.0,62.0,100.0,100.0,0.0,0.0
2019-12-04,0.6,0.6,0.6,0.6,0.6,10.0,2.0,6.0,10.0,100.0,0.0,0.0
2019-12-05,0.57,0.57,0.57,0.57,0.57,190.0,1.0,108.0,190.0,100.0,0.0,0.0
2019-12-09,0.57,0.57,0.57,0.57,0.55,20.0,2.0,11.0,20.0,100.0,0.0,0.0
2019-12-11,0.55,0.55,0.55,0.55,0.54,50.0,1.0,27.0,50.0,100.0,0.0,0.0
2019-12-17,0.55,0.55,0.55,0.55,0.55,600.0,1.0,330.0,600.0,100.0,0.0,0.0
2019-12-18,0.55,0.55,0.55,0.55,0.55,1000.0,2.0,550.0,1000.0,100.0,0.0,0.0
2019-12-27,0.53,0.53,0.53,0.53,0.0,1.0,1.0,0.0,1.0,100.0,0.0,0.0
2019-12-30,0.53,0.55,0.51,0.51,0.53,13061.0,35.0,6949.0,13061.0,100.0,0.04,-0.02
2019-12-31,0.51,0.53,0.5,0.5,0.53,454.0,13.0,240.0,454.0,100.0,0.03,-0.01
2020-01-01,0.52,0.52,0.48,0.48,0.48,1552.0,15.0,748.0,1552.0,100.0,0.04,-0.04
2020-01-02,0.48,0.48,0.46,0.46,0.46,547.0,3.0,253.0,547.0,100.0,0.02,-0.02
2020-01-03,0.44,0.48,0.44,0.46,0.45,6311.0,16.0,2827.0,6311.0,100.0,0.04,0.02
2020-01-06,0.46,0.46,0.44,0.44,0.45,4114.0,23.0,1848.0,4114.0,100.0,0.02,-0.02
2020-01-07,0.42,0.42,0.42,0.42,0.42,340.0,3.0,142.0,340.0,100.0,0.0,0.0
2020-01-08,0.44,0.44,0.42,0.42,0.43,1321.0,6.0,567.0,1321.0,100.0,0.02,-0.02
2020-01-09,0.42,0.42,0.42,0.42,0.42,420.0,1.0,176.0,420.0,100.0,0.0,0.0
2020-01-10,0.42,0.42,0.41,0.41,0.41,869.0,8.0,360.0,869.0,100.0,0.01,-0.01
2020-01-13,0.41,0.41,0.39,0.39,0.4,2940.0,9.0,1190.0,2940.0,100.0,0.02,-0.02
2020-01-14,0.4,0.4,0.38,0.38,0.39,2220.0,16.0,864.0,2220.0,100.0,0.02,-0.02
2020-01-15,0.38,0.39,0.37,0.37,0.38,662.0,7.0,251.0,662.0,100.0,0.02,-0.01
2020-01-16,0.37,0.37,0.36,0.36,0.36,2370.0,12.0,858.0,2370.0,100.0,0.01,-0.01
2020-01-17,0.36,0.37,0.36,0.36,0.36,678.0,6.0,244.0,678.0,100.0,0.01,0.0
2020-01-20,0.37,0.37,0.35,0.37,0.36,2566.0,15.0,916.0,2566.0,100.0,0.02,0.0
2020-01-21,0.38,0.38,0.36,0.36,0.38,21000.0,6.0,7960.0,21000.0,100.0,0.02,-0.02
2020-01-22,0.36,0.37,0.35,0.37,0.36,2891.0,15.0,1031.0,2891.0,100.0,0.02,0.01
2020-01-23,0.36,0.36,0.36,0.36,0.36,999.0,10.0,359.0,999.0,100.0,0.0,0.0
2020-01-24,0.35,0.35,0.35,0.35,0.35,2408.0,7.0,842.0,2408.0,100.0,0.0,0.0
2020-01-27,0.36,0.36,0.34,0.34,0.35,2500.0,7.0,866.0,2500.0,100.0,0.02,-0.02
2020-01-28,0.34,0.34,0.34,0.34,0.34,3304.0,7.0,1123.0,3304.0,100.0,0.0,0.0
2020-01-29,0.34,0.34,0.33,0.33,0.34,2200.0,6.0,747.0,2200.0,100.0,0.01,-0.01
2020-01-30,0.32,0.32,0.32,0.32,0.32,1080.0,7.0,345.0,1080.0,100.0,0.0,0.0
2020-01-31,0.31,0.31,0.31,0.31,0.31,7300.0,31.0,2263.0,7300.0,100.0,0.0,0.0
2020-02-01,0.31,0.31,0.31,0.31,0.28,29.0,3.0,8.0,29.0,100.0,0.0,0.0
2020-02-04,0.31,0.31,0.31,0.31,0.31,600.0,2.0,186.0,600.0,100.0,0.0,0.0
2020-02-05,0.31,0.31,0.3,0.31,0.31,4800.0,15.0,1486.0,4800.0,100.0,0.01,0.0
2020-02-06,0.3,0.3,0.3,0.3,0.3,800.0,3.0,240.0,800.0,100.0,0.0,0.0
2020-02-10,0.3,0.3,0.3,0.3,0.3,3835.0,15.0,1150.0,3835.0,100.0,0.0,0.0
2020-02-11,0.3,0.3,0.29,0.29,0.27,11.0,2.0,3.0,11.0,100.0,0.01,-0.01
2020-02-12,0.28,0.28,0.28,0.28,0.2,10.0,2.0,2.0,10.0,100.0,0.0,0.0
